{
  "i18n.ts": 1774978165.4330685,
  "routing.ts": 1774978098.4530437,
  "next-env.d.ts": 1775999706.0045936,
  "tailwind.config.ts": 1774909619.1634452,
  "proxy.ts": 1775130964.8688512,
  "vitest.config.ts": 1774906194.5115724,
  "instrumentation.ts": 1776004278.727347,
  "next.config.ts": 1775692029.351155,
  "forms/accountant.ts": 1774905593.6228714,
  "forms/invoices.ts": 1774901278.1187103,
  "forms/settings.ts": 1775057702.9849665,
  "forms/clients.ts": 1774900235.5473955,
  "forms/products.ts": 1774900239.868598,
  "forms/transactions.ts": 1774883699.8543012,
  "forms/users.ts": 1774883699.8543656,
  "forms/time.ts": 1774905593.622814,
  "app/layout.tsx": 1775069301.2906332,
  "app/loading.tsx": 1774883699.8448508,
  "app/page.tsx": 1776010813.0780334,
  "app/global-error.tsx": 1775131442.9507992,
  "app/landing/newsletter.tsx": 1774890599.7801282,
  "app/landing/actions.ts": 1774908940.000069,
  "app/landing/landing.tsx": 1774980869.5546494,
  "app/[locale]/layout.tsx": 1775132573.9847782,
  "app/[locale]/page.tsx": 1776010817.4183955,
  "app/[locale]/(app)/context.tsx": 1774997466.0039666,
  "app/[locale]/(app)/clients/page.tsx": 1775036201.5024712,
  "app/[locale]/(app)/settings/actions.ts": 1776002600.7773702,
  "app/[locale]/(app)/settings/layout.tsx": 1775059645.0924492,
  "app/[locale]/(app)/settings/loading.tsx": 1774997465.9905171,
  "app/[locale]/(app)/settings/page.tsx": 1775036277.2668924,
  "app/[locale]/(app)/settings/currencies/page.tsx": 1775072595.9318578,
  "app/[locale]/(app)/settings/llm/page.tsx": 1775036285.113547,
  "app/[locale]/(app)/settings/projects/page.tsx": 1775072632.9205258,
  "app/[locale]/(app)/settings/business/page.tsx": 1775004472.025419,
  "app/[locale]/(app)/settings/accountant/actions.ts": 1775036126.0729098,
  "app/[locale]/(app)/settings/accountant/page.tsx": 1775074196.578799,
  "app/[locale]/(app)/settings/profile/page.tsx": 1775004493.09789,
  "app/[locale]/(app)/settings/fields/page.tsx": 1775072568.051814,
  "app/[locale]/(app)/settings/categories/page.tsx": 1775072638.9415767,
  "app/[locale]/(app)/settings/backups/actions.ts": 1776002444.6238837,
  "app/[locale]/(app)/settings/backups/page.tsx": 1775069120.754544,
  "app/[locale]/(app)/settings/backups/data/route.ts": 1776002455.3609767,
  "app/[locale]/(app)/settings/danger/actions.ts": 1775054572.3284223,
  "app/[locale]/(app)/settings/danger/page.tsx": 1775072626.0785625,
  "app/[locale]/(app)/settings/entities/page.tsx": 1776003266.0958583,
  "app/[locale]/(app)/products/page.tsx": 1775036209.5475688,
  "app/[locale]/(app)/invoices/page.tsx": 1775048645.2692664,
  "app/[locale]/(app)/invoices/[invoiceId]/page.tsx": 1775036170.6025717,
  "app/[locale]/(app)/invoices/new/page.tsx": 1775036163.6097593,
  "app/[locale]/(app)/quotes/page.tsx": 1775048655.4254994,
  "app/[locale]/(app)/quotes/[quoteId]/page.tsx": 1775036193.5384433,
  "app/[locale]/(app)/quotes/new/page.tsx": 1775036185.9019952,
  "app/[locale]/(app)/tax/page.tsx": 1775054815.0192547,
  "app/[locale]/(app)/tax/[year]/page.tsx": 1775057162.7783535,
  "app/[locale]/(app)/tax/[year]/[quarter]/page.tsx": 1775057146.698963,
  "app/[locale]/(app)/unsorted/layout.tsx": 1775004427.714267,
  "app/[locale]/(app)/unsorted/loading.tsx": 1774997466.002834,
  "app/[locale]/(app)/unsorted/page.tsx": 1775058708.5146642,
  "app/[locale]/(app)/time/page.tsx": 1775048664.466772,
  "app/[locale]/(app)/time/new/page.tsx": 1775036261.5420966,
  "app/[locale]/(app)/time/[id]/page.tsx": 1775036269.6623225,
  "app/[locale]/(app)/dashboard/page.tsx": 1775038055.9233458,
  "app/[locale]/(app)/transactions/layout.tsx": 1775004417.0890963,
  "app/[locale]/(app)/transactions/loading.tsx": 1774997466.0008428,
  "app/[locale]/(app)/transactions/page.tsx": 1775052191.035881,
  "app/[locale]/(app)/transactions/[transactionId]/layout.tsx": 1775036132.934123,
  "app/[locale]/(app)/transactions/[transactionId]/loading.tsx": 1774997465.9998474,
  "app/[locale]/(app)/transactions/[transactionId]/page.tsx": 1775036125.6714857,
  "app/[locale]/(app)/files/page.tsx": 1775004510.5194468,
  "app/[locale]/(app)/files/download/[fileId]/route.ts": 1776002488.6751552,
  "app/[locale]/(app)/files/static/[filename]/route.ts": 1776002541.4899647,
  "app/[locale]/(app)/files/preview/[fileId]/route.ts": 1776002479.0887182,
  "app/[locale]/(app)/export/transactions/route.ts": 1776002503.3362668,
  "app/[locale]/(app)/import/csv/actions.tsx": 1775037207.927508,
  "app/[locale]/(app)/import/csv/page.tsx": 1775036335.1764166,
  "app/[locale]/(app)/apps/common.ts": 1774998229.548298,
  "app/[locale]/(app)/apps/layout.tsx": 1775004413.5813403,
  "app/[locale]/(app)/apps/page.tsx": 1775004497.5468175,
  "app/[locale]/(app)/apps/invoices/default-templates.ts": 1775037204.0798566,
  "app/[locale]/(app)/apps/invoices/actions.ts": 1776002406.3929212,
  "app/[locale]/(app)/apps/invoices/manifest.ts": 1774997465.965036,
  "app/[locale]/(app)/apps/invoices/page.tsx": 1775036346.1261067,
  "app/[locale]/(app)/apps/invoices/components/invoice-generator.tsx": 1775037192.2531593,
  "app/[locale]/(app)/apps/invoices/components/invoice-page.tsx": 1775037200.0446143,
  "app/[locale]/(app)/apps/invoices/components/invoice-pdf.tsx": 1774997465.9640546,
  "app/docs/layout.tsx": 1774883699.8439538,
  "app/docs/terms/page.tsx": 1774905887.3506558,
  "app/docs/ai/page.tsx": 1774905887.350049,
  "app/docs/cookie/page.tsx": 1774905887.3502297,
  "app/docs/privacy_policy/page.tsx": 1774905887.3504128,
  "app/api/v1/[...path]/route.ts": 1775034777.4009042,
  "app/api/v1/openapi.json/route.ts": 1775034778.4054432,
  "app/api/settings/google-drive/route.ts": 1775069061.9684596,
  "app/api/progress/[progressId]/route.ts": 1775005369.4439173,
  "app/api/invoices/[invoiceId]/pdf/route.ts": 1774909670.918187,
  "app/api/auth/google-drive/callback/route.ts": 1775069132.5006654,
  "app/api/trpc/[...trpc]/route.ts": 1775034776.3953187,
  "app/api/files/static/[filename]/route.ts": 1776002549.815915,
  "app/api/export/bundle/route.ts": 1776002228.9772658,
  "app/api/export/accountant/route.ts": 1776002517.1024578,
  "app/api/currency/route.ts": 1774883699.8431644,
  "app/api/cron/backup/route.ts": 1776002224.9629052,
  "app/api/stripe/webhook/route.ts": 1774905689.4449055,
  "app/api/stripe/portal/route.ts": 1774883699.8435597,
  "app/api/stripe/checkout/route.ts": 1774883699.8434548,
  "app/(auth)/actions.ts": 1774910197.8495226,
  "app/(auth)/layout.tsx": 1774883699.8426626,
  "app/(auth)/self-hosted/setup-form-client.tsx": 1775005147.6419594,
  "app/(auth)/self-hosted/page.tsx": 1775040793.6915462,
  "tests/contracts-and-files.test.ts": 1774906153.970482,
  "tests/utils.test.ts": 1776011801.8432918,
  "tests/entities-create-actions.test.ts": 1776011372.2197938,
  "tests/cache.test.ts": 1775006301.2092993,
  "tests/setup.ts": 1774906213.6032233,
  "tests/routing.test.ts": 1775006098.6331584,
  "tests/rate-limit.test.ts": 1775006195.7988234,
  "tests/translations.test.ts": 1775006114.9608083,
  "tests/entities-actions.test.ts": 1776010829.8535848,
  "tests/llm-providers.test.ts": 1775999595.8108885,
  "tests/export-import.test.ts": 1775006355.2222297,
  "tests/settings-actions.test.ts": 1776011820.4729602,
  "tests/tax.test.ts": 1776003215.0198014,
  "tests/config.test.ts": 1775006074.4692752,
  "tests/forms.test.ts": 1775041025.8677387,
  "models/tax-sl.ts": 1775086705.6874866,
  "models/accountants.ts": 1775054557.3148732,
  "models/projects.ts": 1775040839.919859,
  "models/export_and_import.ts": 1775035281.421049,
  "models/progress.ts": 1775035061.5458577,
  "models/defaults-server.ts": 1775065331.140753,
  "models/invoices.ts": 1775054550.3288965,
  "models/currencies.ts": 1775035019.4782887,
  "models/defaults.ts": 1775084945.0186968,
  "models/settings.ts": 1775057717.950229,
  "models/clients.ts": 1775035094.7782774,
  "models/stats.ts": 1775083372.9807413,
  "models/time-entries.ts": 1775054520.377391,
  "models/apps.ts": 1775035067.7407553,