{
  "i18n.ts": 1776032803.0722764,
  "routing.ts": 1776032798.3744154,
  "tailwind.config.ts": 1776030545.1199658,
  "vite.config.ts": 1776032074.2384973,
  "vitest.config.ts": 1774906194.5115724,
  "forms/accountant.ts": 1774905593.6228714,
  "forms/invoices.ts": 1774901278.1187103,
  "forms/settings.ts": 1775057702.9849665,
  "forms/clients.ts": 1774900235.5473955,
  "forms/rules.ts": 1776025686.0843053,
  "forms/products.ts": 1774900239.868598,
  "forms/transactions.ts": 1776015005.7911816,
  "forms/users.ts": 1774883699.8543656,
  "forms/time.ts": 1774905593.622814,
  "tests/contracts-and-files.test.ts": 1774906153.970482,
  "tests/utils.test.ts": 1776011801.8432918,
  "tests/cache.test.ts": 1775006301.2092993,
  "tests/setup.ts": 1774906213.6032233,
  "tests/routing.test.ts": 1775006098.6331584,
  "tests/rate-limit.test.ts": 1775006195.7988234,
  "tests/translations.test.ts": 1775006114.9608083,
  "tests/llm-providers.test.ts": 1775999595.8108885,
  "tests/export-import.test.ts": 1775006355.2222297,
  "tests/tax.test.ts": 1776003215.0198014,
  "tests/config.test.ts": 1775006074.4692752,
  "tests/forms.test.ts": 1775041025.8677387,
  "server/index.ts": 1776030129.1964529,
  "models/tax-sl.ts": 1775086705.6874866,
  "models/accountants.ts": 1775054557.3148732,
  "models/projects.ts": 1775040839.919859,
  "models/export_and_import.ts": 1775035281.421049,
  "models/progress.ts": 1775035061.5458577,
  "models/defaults-server.ts": 1775065331.140753,
  "models/invoices.ts": 1775054550.3288965,
  "models/currencies.ts": 1775035019.4782887,
  "models/defaults.ts": 1775084945.0186968,
  "models/settings.ts": 1775057717.950229,
  "models/clients.ts": 1775035094.7782774,
  "models/stats.ts": 1775083372.9807413,
  "models/time-entries.ts": 1775054520.377391,
  "models/apps.ts": 1775035067.7407553,
  "models/rules.ts": 1776026969.9556296,
  "models/import-sessions.ts": 1776026132.0563705,
  "models/products.ts": 1775035102.4203062,
  "models/categories.ts": 1776025357.4576554,
  "models/transactions.ts": 1776025511.940778,
  "models/accounts.ts": 1776014910.7195497,
  "models/users.ts": 1775064824.668396,
  "models/fields.ts": 1775040845.221513,
  "models/backups.ts": 1775054489.4701815,
  "models/files.ts": 1776002244.3128316,
  "models/tax.ts": 1775086656.971126,
  "components/cli-auth-button.tsx": 1776032203.0305934,
  "components/sidebar/mobile-menu.tsx": 1776032202.8676157,
  "components/sidebar/entity-switcher.tsx": 1776032202.8714185,
  "components/sidebar/sidebar-item.tsx": 1776032202.8753226,
  "components/sidebar/sidebar-user.tsx": 1776032202.8789747,
  "components/sidebar/blinker.tsx": 1774883699.8480935,
  "components/sidebar/sidebar.tsx": 1776069570.1970274,
  "components/sidebar/language-switcher.tsx": 1776068985.5236018,
  "components/sidebar/theme-toggle.tsx": 1776032202.8896496,
  "components/ui/localized-text.tsx": 1776032202.8931901,
  "components/ui/pagination.tsx": 1774883699.8506637,
  "components/ui/card.tsx": 1774883699.8501139,
  "components/ui/popover.tsx": 1776032202.8967507,
  "components/ui/sheet.tsx": 1776032202.8999734,
  "components/ui/resizable.tsx": 1776032202.9034395,
  "components/ui/label.tsx": 1776032202.9067101,
  "components/ui/sonner.tsx": 1776032202.909625,
  "components/ui/colored-text.tsx": 1774883699.8503332,
  "components/ui/tooltip.tsx": 1776032202.9125519,
  "components/ui/alert.tsx": 1774883699.8494647,
  "components/ui/switch.tsx": 1776032202.915594,
  "components/ui/calendar.tsx": 1776032202.9186492,
  "components/ui/breadcrumb.tsx": 1774883699.8497357,
  "components/ui/avatar.tsx": 1776032202.9215872,
  "components/ui/dialog.tsx": 1776032202.9247112,
  "components/ui/badge.tsx": 1774883699.8496537,
  "components/ui/sidebar.tsx": 1776032202.9276714,
  "components/ui/table.tsx": 1774883699.8513472,
  "components/ui/separator.tsx": 1776032202.9307456,
  "components/ui/button.tsx": 1774883699.8499517,
  "components/ui/checkbox.tsx": 1776032202.9336264,
  "components/ui/collapsible.tsx": 1776032202.9368935,
  "components/ui/dropdown-menu.tsx": 1776032202.9403594,
  "components/ui/select.tsx": 1776032202.9445038,
  "components/ui/textarea.tsx": 1774883699.8514185,
  "components/ui/input.tsx": 1776032289.5624142,
  "components/ui/skeleton.tsx": 1774883699.8512106,
  "components/settings/llm-settings-form.tsx": 1776032289.574476,
  "components/settings/business-settings-form.tsx": 1776032289.582041,
  "components/settings/data-location.tsx": 1776032202.9545157,
  "components/settings/side-nav.tsx": 1776032202.9578862,
  "components/settings/accountant-export.tsx": 1776032202.9612849,
  "components/settings/crud.tsx": 1776032202.9643488,
  "components/settings/entity-manager.tsx": 1776032202.9676745,
  "components/settings/backup-settings.tsx": 1776032289.588223,
  "components/settings/global-settings-form.tsx": 1776032289.5949955,
  "components/settings/subscription-plan.tsx": 1775037280.1182022,
  "components/settings/rules-page.tsx": 1776032202.9785547,
  "components/settings/profile-settings-form.tsx": 1776032289.601554,
  "components/forms/date-range-picker.tsx": 1776032202.985727,
  "components/forms/select-currency.tsx": 1776032202.9890647,
  "components/forms/select-type.tsx": 1774883699.847168,
  "components/forms/error.tsx": 1774883699.8469,
  "components/forms/simple.tsx": 1776032289.6078188,
  "components/forms/select-project.tsx": 1776032202.9958277,
  "components/forms/select-category.tsx": 1776032202.9992607,
  "components/auth/subscription-expired.tsx": 1774883699.8455412,
  "components/auth/pricing-card.tsx": 1776032203.0024571,
  "components/auth/entity-picker.tsx": 1776037836.7800376,
  "components/emails/email-layout.tsx": 1774883699.8462274,
  "components/emails/newsletter-welcome-email.tsx": 1774890599.771705,
  "components/emails/otp-email.tsx": 1774890599.7685797,
  "components/tax/quarterly-report.tsx": 1776032203.0085,
  "components/tax/anual-report.tsx": 1776032203.011972,
  "components/tax/tax-dashboard.tsx": 1776032203.0149295,
  "components/agents/tool-window.tsx": 1774883699.845296,
  "components/agents/currency-converter.tsx": 1776032203.017957,
  "components/agents/items-detect.tsx": 1776032203.0214496,
  "components/unsorted/analyze-form.tsx": 1776032289.6139984,
  "components/unsorted/analyze-all-button.tsx": 1776032203.0277686,
  "components/time/time-summary.tsx": 1774910242.6894891,
  "components/time/timer-widget.tsx": 1776032203.0338109,
  "components/time/time-entries-list.tsx": 1776032203.037116,
  "components/time/time-entry-form.tsx": 1776032289.6204937,
  "components/dashboard/projects-widget.tsx": 1775082684.621567,
  "components/dashboard/welcome-widget.tsx": 1776032289.6267843,
  "components/dashboard/stats-widget.tsx": 1774883699.8460023,
  "components/dashboard/drop-zone-widget.tsx": 1776032203.0434678,
  "components/dashboard/income-expense-graph-tooltip.tsx": 1775082751.4286258,
  "components/dashboard/filters-widget.tsx": 1776032203.046609,
  "components/dashboard/income-expense-graph.tsx": 1776032203.0494852,
  "components/dashboard/unsorted-widget.tsx": 1776032203.052591,
  "components/transactions/new-transaction-dialog.tsx": 1776032203.055821,
  "components/transactions/pagination.tsx": 1776032203.0589912,
  "components/transactions/filters.tsx": 1776032203.0628877,
  "components/transactions/toolbar.tsx": 1776032203.0665812,
  "components/transactions/list.tsx": 1776032203.0698228,
  "components/transactions/create.tsx": 1776032289.633214,
  "components/transactions/reanalyze-dialog.tsx": 1776032203.0763397,
  "components/transactions/transaction-files.tsx": 1776032203.079506,
  "components/transactions/bulk-actions.tsx": 1776032203.082631,
  "components/transactions/fields-selector.tsx": 1776032203.0859234,
  "components/transactions/edit.tsx": 1776032289.6409233,
  "components/accountant/invite-manager.tsx": 1776032289.647511,
  "components/accountant/comment-box.tsx": 1776032203.0955803,
  "components/files/upload-button.tsx": 1776032203.0988648,